{
  "광명시 오리로949번안길 7-1": [
    37.47455,
    126.85434,
    "광명동",
    "광명7동"
  ],
  "경기도 광명시 설월로 10": [
    37.44054,
    126.87521,
    "소하동",
    "소하2동"
  ],
  "오리로191번길 20": [
    37.44872,
    126.89152,
    "소하동",
    "소하1동"
  ]
}